"Modele","Ordre","Sigma2","LogLik","AIC","BIC"
"ARIMA","(2,0,2)",0.00182761264925023,2285.40306208352,-4558.80612416703,-4527.70745395657
