"Modele","Ordre","Sigma2","LogLik","AIC","BIC"
"ARIMA","(2,0,2)",0.00183358523257373,2274.09342776506,-4538.18685553012,-4512.2903156826
