"Modele","Mu","Omega","Alpha1","Beta1","Shape","Persistence"
"ARCH(1)",-0.144364102125797,2.57618822741923e-05,0.973039606407972,NA,NA,0.973039606407972
"GARCH(1,1) Normal",0.00171017908886916,5.26149910915416e-05,0.0629243892384506,0.9093484775481,NA,0.972272866786551
"GARCH(1,1) Student-t",0.0013031315415244,1.85893108318793e-05,0.0572325690149875,0.937644918571839,4.67258845578448,0.994877487586827
