"Modele","Type","RMSE_Train","RMSE_Test","MAE_Train","MAE_Test","MAPE_Test","AIC","BIC"
"ARIMA","Returns",0.0427550585743247,0.0347148500119145,0.0306554413781068,0.0265879929088403,157.426911048334,-4538.18685553012,-4512.2903156826
"SARIMA","Returns",0.0429172762429616,0.0345414590490489,0.0307108840486777,0.0264017270937422,100,-4536.31897232687,-4531.13966435737
"ARIMAX","Returns",0.0398272486070482,0.0324410885314385,0.0288513676923867,0.0253032402867604,171.699932882435,-4716.29112755629,-4669.67735583076
"ETS","Prix",9.36864463518904,53.7559948040025,6.50867447743344,39.8095310784865,10.3363957492234,15206.5167019145,15232.458765597
"Prophet","Prix",NA,609.107512912684,NA,375.543769564896,NA,NA,NA
"ARCH(1)","Volatilité",NA,NA,NA,NA,NA,0.286100951525389,0.297943881333706
"GARCH(1,1) Normal","Volatilité",NA,NA,NA,NA,NA,-3.5531521915518,-3.53736161847404
"GARCH(1,1) Student-t","Volatilité",NA,NA,NA,NA,NA,-3.63843031111409,-3.61869209476689
"VAR(3)","Multivarié",NA,NA,NA,NA,NA,NA,NA
